{
  "timestamp": "20250616_203910",
  "successful_symbols": [
    "EURUSD"
  ],
  "failed_symbols": [],
  "results": {
    "EURUSD": {
      "objective_value": 0.47102615694164995,
      "completed_trials": 50,
      "total_trials": 50,
      "training_time": 2495.1084525585175,
      "timestamp": "20250616_203910"
    }
  }
}